Statement,Verbs
"A co po czyjej wielkości, jak nie ma w głowie mądrości","1, 4, 6, 10, 11"
"Adam cóż by poradził, gdyby Bóg w raju Ewy nie posadził","0, 1, 6, 8, 9"
"Adam i Ewa pokazują, jaki styczeń i luty po nich następują","0, 2, 5, 6, 8"
"adwokat niech głowę, a koń niech ma nogi","0, 2, 5, 8"
Agnieszka łaskawa puszcza skowronka z rękawa,"0, 2, 3, 5"
Ani kura za darmo nie gdacze,"0, 1"
Apetyt rośnie w miarę jedzenia,"0, 1, 3, 4"
"baba o szydle, dziad o mydle","0, 2, 4, 6"
"baba swoje, chłop swoje","0, 1, 3, 4"
"baba swoje, czart swoje","0, 1, 3, 4"
"baba swoje, dziad swoje","0, 1, 3, 4"
"baba z wozu, koniom lżej","0, 2, 4"
"baju, baju – będziesz w raju","0, 2, 6"
"Barbara po wodzie, Boże Narodzenie po lodzie","0, 2, 4, 5, 7"
Barbara święta o górnikach pamięta,"0, 1, 3"
"Bartłomiej zwiastuje, jaka jesień następuje","0, 3, 4"
"bęben dlatego tak głośny, bo próżny","0, 2"
będzie z niego ksiądz jak z diabła kościelny,"3, 4, 6, 7"
"będziesz ty z Litwy albo Kijowa, gdy masz co w mieszku, Warszawa schowa","3, 4, 5, 9, 11, 13"
bez ciekawości nie ma mądrości,"0, 1, 4"
bez kołaczy nie wesele,"0, 1, 3"
bez ludzi i raj się znudzi,"0, 1, 3"
bez pracy nie ma kołaczy,"0, 1, 4"
bez pracy nie ma macy,"0, 1, 4"
bez pracy nie ma płacy,"0, 1, 4"
bez pracy trudno dostąpić honoru,"0, 1, 4"
bez zachodu nie ma miodu,"0, 1, 4"
"bieda z dziećmi, bieda i bez dzieci","0, 2, 4, 6, 7"
"biedna żona taka, która ma pijaka","1, 2, 6"
biednemu zawsze wiatr w oczy,"0, 2, 4"
blisko swej jabłoni jabłko pada,"2, 3"
bliższa koszula ciału,"1, 2"
bliższa koszula ciału niż kaftan,"1, 2, 3, 4"
bliższa koszula ciału niż sukmana,"1, 2, 3, 4"
Bóg bez pracy nic nie daje,"0, 1, 2, 3"
"Bóg dał, Bóg wziął","0, 3"
"Bóg nie opuści, kto się nań spuści","0, 4"
"Bóg pomaga tym, co sami sobie pomagają","0, 2, 4, 6"
"Boga na języku, a diabła ma w sercu","0, 2, 5, 8"
bogatemu diabeł dzieci kołysze,"0, 1, 2"
bogatemu to i byk się ocieli,"0, 1, 3"
"Bogu się kłaniaj, a diabła nie gniewaj","0, 5"
"Bogu służ, a diabła nie gniewaj","0, 4"
"Bogu świeczka, a diabłu ogarek","0, 1, 4, 5"
"bój się w styczniu wiosny, bo marzec zazdrosny","0, 3, 4, 7, 8"
"Boże Narodzenie po wodzie, Wielkanoc po lodzie","0, 1, 3, 5, 7"
broda mędrcem nie czyni,"0, 1"
być w Rzymie i nie widzieć papieża,"0, 2, 6"
"było dwóch braci mądrych, a trzeci żonaty","2, 6, 7"
cała mądrość nie mieści się w jednej głowie,"1, 7"
cel uświęca środki,"0, 2"
"chcąc poznać przyjaciela, trzeba z nim beczkę soli zjeść","2, 7, 8"
"chcesz córuni, podobaj się wprzód mamuni","1, 6"
"chcesz się dostać do nieba, nie żałuj biednym kęsa chleba","3, 4, 8, 9, 10"
chleb cudzym nożem krajany - niesmaczny,"0, 1, 2"
"chleb i woda, nie ma głoda","0, 2, 6"
chleb ma rogi,"0, 2"
"chleb ma rogi, nędza nogi","0, 2, 4, 5"
"chleb płacze, gdy go darmo jedzą","0, 1, 4"
"chleb pracą nabyty, bywa smaczny i syty","0, 1, 7"
"chleb stracił, a bułki nie znalazł","0, 4"
chleb świętej Agaty od ognia strzeże chaty,"0, 1, 2, 3, 4, 6"
chleb w drodze nie cięży,"0, 2"
"chleb, piwo i świéca zdobią szlachcica","0, 2, 6"
chlebem i solą ludzie ludzi niewolą,"0, 2, 3, 4, 5"
chłop mowny a kot łowny z głodu nie zemrą,"0, 3, 6"
"chłop się nie przeżegna, dopóki piorunu nie usłyszy","0, 6"
"chłop strzela, a Bóg kule nosi","0, 4, 5"
"chłop, co musi, rad uczyni","0, 2, 5"
chłopa korcem nie mierzą,"0, 1"
"chłopa na korce, a rozumu na lata nie mierzą","0, 2, 5, 7"
"choć już w kwietniu słonko grzeje, nieraz pole śnieg zawieje","3, 4, 8, 9, 10"
"choćby chleb był rżany, byle leżany",1
chytry dwa razy traci,2
ciągnie swój do swego,2
cicha woda brzegi rwie,"1, 2, 3"
ciekawość to pierwszy stopień do piekła,"0, 1, 2, 3, 4, 5"
"cierp ciało, skoroś chciało",1
"ciesz się nadzieją do ostatka, bo nadzieja głupich matka","2, 3, 4, 7, 8, 9"
cnota naukę przechodzi,"0, 1"
cnota zawżdy na dobre wynidzie,"0, 3"
"co Anglik zmyśli, Francuz skréśli, a Niemiec doma nakrupi, wszystko to głupi Polak kupi","0, 1, 4, 8, 12, 13, 14, 15, 16"
"co dwie głowy, to nie jedna","0, 2, 4"
"co Francuz wymyśli, to Polak polubi","0, 1, 4, 5, 6"
"co kraj, to obyczaj","0, 1, 3, 4"
"co marzec wypiecze, to kwiecień wysiecze","0, 1, 4, 5"
"co mąż, to wąż, co żona, to męczeńska korona","0, 1, 3, 4, 6, 7, 9, 11"
"co nagle, to po diable","0, 3, 5"
"co ptakiem z gęby wyleci, wołem nazad nie wciągniesz","0, 1, 3, 6"
"co się stało, to się nie odstanie","0, 4"
"co swój, to nie obcy","0, 3, 5"
"co wolno wojewodzie, to nie tobie, smrodzie","0, 2, 4, 8"
"co z oczu, to z serca","0, 2, 4, 6"
"co za dużo, to niezdrowo","0, 4"
córkę chromą do klasztoru,"0, 1, 2, 3"
cóż święty Józef zniesie? Kaczka pierwsze jaja zniesie,"0, 1, 2, 5, 6, 7"
cudza praca nie wzbogaca,1
ćwiczenie czyni mistrza,"0, 2"
czas leczy rany,"0, 2"
czas to pieniądz,"0, 1, 2"
"czasem luty ostro kuty, czasem w luty same pluty","0, 1, 3, 5, 7, 9"
"czasem luty się zlituje, że człek niby wiosnę czuje; ale czasem tak się zżyma, że człek prawie nie wytrzyma","0, 1, 6, 8, 9, 12, 13, 18, 19"
"czego Jaś się nie nauczy, tego Jan nie będzie umiał","0, 1, 6, 7"
"czego nie bierze Chrystus, to fiskus porwie","0, 3, 5, 6"
"czego oko nie widzi, tego sercu nie żal","0, 1, 5, 6, 8"
czekaj tatka latka,"1, 2"
"czekaj tatka latka, aż kobyłkę wilcy zjedzą","1, 2, 5"
"czekaj tatka latka, aż kobyłkę wilki zjedzą","1, 2, 5, 6"
"czerwiec – przerwiec, bo przerywa gospodarkę aż do żniwa","0, 6, 8, 9"
czerwiec po deszczowym maju często dżdżysty w naszym kraju,"0, 3, 7, 8"
czerwiec się czerwieni? Będzie dość w kieszeni,"0, 2, 7"
"czerwiec stały, grudzień doskonały","0, 3"
"człek do pracy stworzon, ptak do lotu","0, 1, 2, 5, 6, 7"
człowiek człowiekowi wilkiem,"0, 1, 2"
"człowiek myśli, Pan Bóg kreśli","0, 1, 3, 4"
"człowiek strzela, a Pan Bóg kule nosi","0, 4, 5, 6"
"człowiek strzela, a wiatr kule nosi","0, 4, 5"
"człowiek strzela, Pan Bóg kule nosi","0, 3, 4, 5"
"czwarty pas, karty w tas","0, 1, 3, 5"
"czym skorupka za młodu nasiąknie, tym na starość trąci","0, 2, 7, 9"
,
"daj kurze grzędę, a ona: wyżej siędę","1, 2"
"daj psu spokój, pies ci da dwa","1, 2, 4"
"dał Bóg dziecko, da (i) na dziecko","1, 2, 9"
"dał Pan Bóg zęby, da i chleb","1, 2, 3, 7"
darowanemu koniowi w zęby się nie zagląda,"1, 3"
deszcz na świętą Małgorzatę jest orzechom na stratę,"0, 2, 3, 5, 7"
"deszcz na świętego Błażeja, słaba wiosny nadzieja","0, 2, 3, 6, 7"
"deszcze częste w kwietniu wróżą, że owoców będzie dużo","0, 3, 7"
deszcze Michałowe prawią w zimie powietrze zdrowe,"0, 4, 5"
"deszcze na lipca pierwszego, drugiego, zapowiedzią deszczu czterdziestodniowego","0, 2, 3, 5, 7, 8"
diabeł nie śpi,0
diabeł się w ornat ubrał i ogonem na mszę dzwoni,"0, 3, 6, 8"
diabeł tkwi w szczegółach,"0, 3"
dla chcącego nic trudnego,2
"dla chleba, nie dla nieba chce być księdzem","1, 5, 7, 8"
dla dwóch kogutów za mało miejsca na jednym gnoju,"2, 5, 7, 8"
dla każdej matki miłe jej dziatki,"2, 3, 5"
"dla kota za dużo, dla psa za mało","1, 6"
dla towarzystwa dał się Cygan powiesić,"1, 4"
"do Boga, gdy trwoga","0, 1, 4"
"do Michała przymrozków ile, i w maju tyle","0, 1, 2, 3, 7, 8"
"do ojca po grosz, do matki po koszulę","0, 1, 3, 5, 6, 8"
"do Pana Boga się módl, a diabła nie obrażaj","0, 1, 2, 7"
do panny Katarzyny nowych butów obłóczyny,"0, 1, 2, 3, 4, 5"
"do siostry w rok szósty, do brata we trzy lata","0, 1, 3, 4, 6, 7, 10"
do trzech razy sztuka,"0, 2, 3"
"dobra i wdowa, gdy młoda i zdrowa","0, 2, 5"
dobra psu i mucha,"0, 1, 3"
"dobra psu i mucha, kiedy głodny","0, 1, 3, 6"
"dobra psu i mucha, kiedy nie ma chleba","0, 1, 3, 8"
"dobra psu i mucha, kiedy sama wleci do brzucha","0, 1, 3, 8, 9"
"dobra psu mucha, a chłopowi rzepa","0, 1, 2, 6"
dobra żona – mężowi korona,"0, 1, 3, 4"
"dobra żona tym się chlubi, że gotuje, co mąż lubi","0, 1, 2, 9, 10, 11"
dobrane małżeństwo to raj na ziemi,"1, 2, 3, 5"
dobrego gniazda dobre plemię,"0, 1, 2, 3"
dobrego syna nigdy Bóg nie zapomina,"0, 1, 3"
"dobry chleb z solą, byle z dobrą wolą","0, 1, 3, 8"
"dobry chleb, gdy kołacza nie masz","0, 1, 4"
dobry żart tynfa wart,"0, 1, 2, 3"
dobrymi chęciami jest piekło wybrukowane,"0, 1, 3"
"doczeka się pieska gałąź, choć mu się odwlecze","2, 3"
"dopóty dzban wodę nosi, dopóki mu się ucho nie urwie","1, 2, 8, 10"
dzieci i ryby głosu nie mają,"0, 2, 3, 5"
"dzisiaj bal, jutro żal","0, 1, 3, 4"
"dziura w worze, gość w komorze, piasek w mące, woda w łące, kąkol w życie, złość w habicie — rzeczy niecne","0, 2, 4, 6, 8, 10, 12, 14, 16, 18, 20, 22, 24"
elektryka prąd nie tyka,"0, 1, 3"
figur na figur mawiał święty Igór,"0, 2, 4"
fortuna często rozumowi przeczy,"0, 2"
fortuna kołem się toczy,"0, 1"
"gdy bez wiatrów luty chodzi, w kwietniu wicher nie zawodzi","1, 2, 3, 7, 8"
"gdy chłop baby nie bije, to jej wątroba gnije","1, 2, 6, 8"
"gdy ciepło w lutym, zimno w marcu bywa, długo trwa zima, to jest niewątpliwa","1, 3, 5, 7, 12, 14"
"gdy deszcz w świętego Michała, będzie łagodna zima cała","1, 3, 4, 8"
"gdy deszcz w świętego Urbana, mały profit z winobrania","1, 3, 4, 6, 7, 9"
"gdy Franciszka z wichrem po polu hasa, może sypnąć śniegiem powyżej pasa","1, 3, 5, 10, 12"
"gdy Halina łąki zrosi, rolnik w wodzie siano kosi","1, 2, 5, 7, 8, 9"
"gdy Katarzyna kurzy, wszystka się radość zburzy","1, 2, 6"
"gdy kota nie ma, myszy harcują","1, 5"
"gdy mróz w lutym ostro trzyma, tedy jest niedługa zima","1, 3, 10"
"gdy na Małgorzaty mróz, jeszcze długo nie pojedzie wóz","2, 3, 9"
"gdy na Michała obrodzą żołędzie, dużo śniegów w zimie będzie","2, 4, 7, 9"
"gdy na świętą Barbarę gęś chodzi po lodzie, to Boże Narodzenie będzie po wodzie","2, 3, 4, 7, 9, 10, 11, 14"
"gdy na świętą Barbarę mróz, sanie na górę włóż, a szykuj dobry wóz","2, 3, 4, 6, 8, 13, 14"
"gdy na świętego Prota jest pogoda albo słota, to na świętego Hieronima jest deszcz albo go ni ma","2, 3, 5, 6, 7, 9, 11, 12, 14, 15, 16, 17"
"gdy na święty Jerzy jeszcze nie rozkwita, niech się cieszy stary, młody, chłop i kobieta","2, 3, 11, 13, 15, 17"
"gdy na święty Józef bociek przybędzie, to już śniegu nie będzie","2, 3, 4, 7, 9"
"gdy na święty Paweł jasno, po żniwach też będzie ciasno","2, 3, 7"
"gdy na święty Paweł jasno, po żniwach w stodole ciasno","2, 3, 7, 9"
"gdy na święty Walek deszcze, mrozy wrócą jeszcze","2, 3, 4, 6"
"gdy na Walka są deszcze, będzie ostry mróz jeszcze","2, 4, 8"
"gdy na Wawrzyńca orzechy obrodzą, to w zimie mrozy dogodzą","2, 3, 6, 8, 9"
"gdy na Wincentego i nawrócenie Pawła pogoda świeci, spodziewajcie się dobrego lata, dzieci","2, 4, 5, 6, 11, 12, 14"
"gdy noc jasna na Michała, to nastąpi zima trwała","1, 4, 6, 8, 9"
"gdy pająk w lipcu przychodzi, to za sobą deszcz przywodzi, gdy swą pajęczynę snuje, bliską burzę czuje","1, 3, 6, 8, 9, 14, 18, 19"
"gdy październik ciepło trzyma, zwykle mroźna bywa zima","1, 2, 8"
"gdy przyjdzie Agnieszka, rozbije ogonem lód pliszka","2, 5, 6, 7"
"gdy przyjdzie marzec, umrze niejeden starzec","2, 5, 6"
"gdy przyjdzie święta Agnieszka, przebije lód ogonem pliszka","2, 3, 6, 7, 8"
"gdy rodzina żyje w zgodzie, to jej bieda nie dobodzie","1, 4, 6, 8"
"gdy się człowiek spieszy, to się diabeł cieszy","2, 5, 7"
"gdy się diabeł zestarzeje, chce zostać mnichem","2, 7"
"gdy się drzewo obali, każdy wióry zbiera","2, 6"
"gdy się grzmot w lipcu od południa poda, drzewom się znaczy szwank i nieuroda","2, 4, 5, 6, 9, 12, 14"
"gdy słońce przygrzewa na Jana Dobrego, spodziewać się można lata pogodnego","1, 4, 5, 10"
"gdy styczeń z zimnem nie chodzi, marzec, kwiecień wychłodzi","1, 3, 7, 9"
"gdy święty Andrzej ze śniegiem przybieży, sto dni śnieg na polu leży","1, 2, 4, 8, 9, 11, 12"
"gdy Święty Maciej zimę poprawia, to Oblubieniec mrozy zostawia","1, 2, 3, 6, 7, 8"
"gdy Trzej Królowie ciepłem darzą, gospodarze o wiośnie gwarzą","1, 2, 3, 6, 8"
"gdy w Andrzeja deszcz lub słota, w grudniu drogi bez błota","2, 3, 5, 8, 9, 10, 11"
"gdy w Katarzynę lód nie stanie – szykuj sanie, gdy w Katarzynę mróz – szykuj wóz","2, 3, 5, 8, 12, 13, 16"
"gdy w Katarzynę zima, śnieg nie poleży, mróz nie potrzyma","2, 3, 5, 9"
"gdy w lipcu słońce dopieka, burza niedaleka","2, 3, 6"
"gdy w Michała deszcz spadnie, lekka zima będzie snadnie","2, 3, 7"
"gdy w Michała wiatr od wschodu lub północy, w zimie mrozy wielkiej mocy","2, 3, 4, 5, 7, 10, 11, 13"
"gdy w styczniu deszcz leje, złe robi nadzieje","2, 3, 4, 6, 8"
"gdy w świętą Barbarę gęś chodzi po lodzie, to Boże Narodzenie będzie po wodzie","2, 3, 4, 7, 9, 10, 11, 14"
"gdy w świętą Barbarę gęś po stawie chodzi, w Boże Narodzenie pływać po nim się godzi","2, 3, 4, 6, 10, 11"
"gdy w świętą Barbarę ostre mrozy, to na zimę gotuj wozy; a gdy roztajanie, każ opatrzyć sanie","2, 3, 5, 7, 9, 11, 19"
"gdy Wawrzyniec i Bartłomiej pogodą dopisują, piękną jesień obiecują","1, 3, 4, 8"
"gdy wietrzno w Michała, będzie mroźna zima cała","3, 7"
"gdy wilk się zestarzeje, skubie go i wrona","1, 6, 8"
"gdy włos siwieje, rozum dojrzeje","1, 4"
"gdy Zuzanna z pogodą chadza, piękną jesień przyprowadza","1, 3, 7"
"gdyby babcia miała wąsy, toby była dziadkiem","1, 3, 7, 8"
"gdyby kózka nie skakała, toby nóżki nie złamała","1, 7"
"gdzie chleb, tam się zęby znajdą","1, 3, 5, 6"
"gdzie diabeł nie może, tam babę pośle","1, 5, 6, 7"
"gdzie drwa rąbią, tam wióry lecą","1, 4, 5, 6"
"gdzie dwóch się bije, tam trzeci korzysta","5, 6"
"gdzie jedna kość, a dwa brytany – tam pokój nie znany","2, 6, 8, 9, 11"
"gdzie kucharek sześć, tam nie ma co jeść","1, 4, 7"
"gdzie nie zagląda słońce, tam zagląda lekarz","3, 5, 7"
"gdzie praca, pilność na straży, tam się bieda wejść nie waży","1, 3, 5, 7, 9, 10"
"gdzie Rzym, gdzie Krym","1, 4"
"gdzie się z chęcią zejdzie praca, tam się hojnie trud opłaca","3, 5, 7, 10"
"gdzie święta Agata, bezpieczna tam chata","1, 2, 5, 6"
"gdzie święta Jagata, bezpieczna tam chata","1, 5, 6"
"gdzie wielu dowódców, tam bitwa przegrana","2, 4, 5, 6"
głód - najlepszy kucharz,"0, 3"
głodnemu chleb na myśli,"0, 1, 3"
głodny głodnemu wypomni,"0, 1"
głową muru nie przebijesz,"0, 1"
głuchemu próżne słowa,2
"głupich nie sieją, sami się rodzą","0, 2"
głupiego wilka i cielęta liżą,"0, 1, 3"
"gość w dom, Bóg w dom","0, 2, 4, 6"
gówno chłopu nie zegarek,"0, 1, 3"
gra w kiery wyrabia maniery,"0, 2, 4"
gra w piki daje wyniki,"0, 2, 4"
gromnica – zimy połowica,"0, 2, 3"
"Gromniczna pogodna, będzie jesień dorodna",4
"grosz do grosza, a będzie kokosza","0, 1, 2, 6"
grudzień – łudzień,0
grzmoty czerwca rozweselają rolnikom serca,"0, 1, 3, 4"
habit nie czyni mnicha,"0, 3"
hulaj dusza – piekła nie ma,"1, 3"
hultajska praca wniwecz się obraca,1
"i Herkules dupa, kiedy ludzi kupa","1, 2, 5, 6"
"i Herkules nie pomoże, kiedy ludzi całe morze","1, 6, 8"
"i król na dziurawym tronie siaduje, gdy dobrze obiaduje","1, 4"
i króla robaki zjedzą,"1, 2"
i na starym krzaku róże kwitną,"2, 3, 4"
i ostatnim kęsem chleba podzielić się z bratem trzeba,"1, 2, 3, 7"
i w Paryżu nie zrobią z gówna ryżu,"2, 6, 7"
i w Paryżu nie zrobią z owsa ryżu,"2, 6, 7"
"i wilk syty, i owca cała","1, 2, 5"
"idzie luty, podkuj buty","0, 1, 4"
"ile wina w głowie, tyle prawdy w słowie","0, 1, 3, 5, 6, 8"
"im kot starszy, tym ogon twardszy","1, 2, 4, 5"
"im na Krzysztofa większe pogody, tym zimą sroższe nastaną lody","2, 4, 6, 7, 10"
"im większa jest praca, tym są milsze znoje","3, 5, 8"
"indyk myślał o niedzieli, a w sobotę łeb mu ścięli","0, 3, 7, 8"
jabłko od jabłoni niedaleko się toczy,"0, 1, 2"
jajko chce być mądrzejsze od kury,"0, 2, 4, 5"
jajko mądrzejsze od kury,"0, 2, 3"
"jak cię widzą, tak cię piszą","0, 4"
"jak drozdy śpiewają na wierzchołkach drzew, wiosna wnet; a jak między gałęziami, to jeszcze het","0, 1, 4, 5, 7, 11, 13, 15"
"jak Kuba Bogu, tak Bóg Kubie","0, 1, 2, 4, 5, 6"
"jak na Matkę Gromniczną, tak na święty Józef","0, 2, 5, 7, 8"
"jak na święty Józef bocian przyleci, to na skrzydłach resztki śniegu przynosi","0, 2, 3, 4, 7, 9, 10, 11"
"jak na święty Maciej ciepło, to się będzie długo wlekło","0, 2, 3, 4, 6"
"jak pies je, to nie szczeka","0, 1, 4"
"jak pies je, to nie szczeka, bo mu miska ucieka","0, 1, 4, 10"
"jak się baby nie bije, to jej wątroba gnije","0, 2, 6, 8"
"jak się chce psa uderzyć, kij się znajdzie","0, 3, 6, 8"
"jak się córka urodzi, to jakby się siedmiu złodziei do komory podkopało","0, 2, 5, 9, 10, 11"
"jak się człowiek spieszy, to się diabeł cieszy","0, 2, 5, 7"
"jak się drzewo powali, każdy je rąbie i pali","0, 2, 7, 9"
"jak się Katarzyna głosi, tak się Nowy Rok nosi","0, 2, 5, 7, 8"
"jak się nie ma, co się lubi, to się lubi, co się ma","0, 5, 7, 9, 11, 13"
"jak się nie ma, co się mówi, to się leży, z kim się gra","0, 5, 9, 11, 14, 16"
"jak się zalecał, to obiecał; jak dostał, to przestał","0, 4, 7, 10"
"jak śnieg w świętego Błażeja, pogodna będzie Wielka Niedziela","0, 1, 3, 4, 8, 9"
"jak sobie pościelesz, tak się wyśpisz","0, 1, 4"
"jak styczeń zachlapany, to lipiec zapłakany","0, 1, 4, 5"
"jak świat światem, nie będzie Niemiec Polakowi bratem","0, 1, 2, 6, 7, 8"
"jak święta Agnieszka wypuści śnieg z mieszka, to go nie powstrzyma ani do Franciszka","0, 1, 2, 4, 6, 8, 9, 13, 14"
"jak trwoga, to do Boga","0, 1, 3, 4, 5"
"jak ty komu, tak on tobie","0, 2, 4"
"jak w gromadzie, to sporzej; jak samemu, to gorzej","0, 2, 4, 7, 10"
"jak w świętą Annę deszcz pada, to robak orzechy zjada","0, 2, 3, 4, 7, 8, 9"
"jak za króla Sasa: jedz, pij i popuszczaj pasa","0, 2, 3, 10"
"jaka Gromniczna bracie, taki Święty Maciej","0, 2, 4, 5, 6"
"jaka jabłoń, takie jabłka","0, 1, 4"
"jaka jabłoń, takie jabłko","0, 1, 4"
"jaka mać, taka nać","0, 1, 3, 4"
"jaka Małgorzatka, takie będzie pół latka","0, 1, 5, 6"
"jaka matka, taka córka","0, 1, 3, 4"
"jaka płaca, taka praca","0, 1, 3, 4"
"jaka praca, taka płaca","0, 1, 3, 4"
"jaki Bartek, taki wrzesień, jaki Marcin, taka zima","0, 1, 3, 4, 6, 7, 9, 10"
"jaki chleb, taka skórka, jaka matka, taka córka","0, 1, 3, 4, 6, 7, 9, 10"
"jaki dzień Bartłomieja, takiej jesieni nadzieja","0, 1, 2, 5, 6"
"jaki Michał, taka wiosna","0, 1, 3, 4"
"jaki ojciec, taki syn","0, 1, 3, 4"
"jaki pan, taki kram","0, 1, 3, 4"
"jaki wół, taka skóra, jaka mać, taka córa","0, 1, 3, 4, 6, 7, 9, 10"
"jakie drzewo, taka kora, jaka matka, taka córa","1, 3, 4, 6, 7, 9, 10"
"jakie drzewo, taki klin, jaki ojciec, taki syn","1, 3, 4, 6, 7, 9, 10"
"jakie jabłko, taka skórka, jaka matka, taka córka","1, 3, 4, 6, 7, 9, 10"
"jakie matki, takie dziatki","1, 4"
"jakie Zwiastowanie, takie Zmartwychwstanie","1, 4"
"jakim człowiek się zdaje, takim chyłkiem zostaje","1, 6"
"jakoś chował syna, tak on z tobą poczyna","2, 4"
"jakoś chowała syna, tak on z tobą poczyna","2, 4"
"jaskółka i pszczółka lata, znakiem wiosny to dla świata","0, 2, 3, 5, 6, 7, 9"
"jeden ojciec dziesięć synów wychowa, a dziesięć synów jednego ojca żywić nie mogą","0, 1, 3, 8, 9, 10"
jedna jaskółka nie czyni wiosny,"1, 4"
jedna jaskółka wiosny nie czyni,"1, 2"
"jedna matka dziesięć synów wychowa, a jednej matki dziesięć synów żywić nie mogą","1, 3, 8, 10"
jedna owca parszywa całe stado zarazi,"1, 4"
jednego słońca dość na niebie,"0, 1, 4"
"jedz chleb z każdą warzą, a rób, co ci każą","1, 4, 9"
"jeśli bociany do Michała zostały, nie będzie mrozów przez grudzień cały","1, 2, 3, 8, 10"
"jeśli ci jeszcze nie dokuczył luty, to pal dobrze w kominie i miej kożuch suty","5, 7, 8, 11, 14"
"jeśli deszcz na Michała, zima będzie nietrwała","1, 3, 5"
"jeśli nie odlecą ptaszki do Michała, do Wigilii zima nie nastąpi trwała","3, 4, 5, 7, 8, 9, 12"
"jeśli upały w sianokosy i żniwa, to zima ostra i dokuczliwa, a jeżeli słota, to w zimie dużo błota","1, 3, 5, 7, 8, 15, 17, 19, 21"
"jeśli w dzień świętego Michała wiatr północny wieje, to na pogodę nie miejmy nadzieję","2, 3, 4, 5, 7, 9, 11, 14"
"jeśli w święty Paweł śnieg albo deszcz pada, dobrych się urodzajów spodziewać wypada","2, 3, 4, 5, 6, 9, 11"
"jeśli wejdziesz między wrony, musisz krakać jak i one","3, 7"
jest to cnota nad cnotami trzymać język za zębami,"1, 2, 4, 6, 8"
"jeszcze się taki nie urodził, co by wszystkim dogodził","2, 6, 8"
"jeszcze tego nie było, by jajko kurę uczyło","1, 6, 7"
"jeżeli pszczoła w styczniu z ula wylatuje, rzadko pomyślny rok nam obiecuje","1, 3, 5, 10"
"jeżeli święty Michał deszczem przysłuży, to suchą wiosnę nam wróży","1, 2, 3, 6, 8, 10"
język i do Krakowa dopyta,"0, 2, 3"
karty przy orderach,"0, 2"
"Katarzyny dzień jaki, cały grudzień będzie taki","0, 1, 2, 5, 7"
"Katarzyny dzień jaki, cały grudzień taki","0, 1, 2, 5, 6"
kawałek chleba nie spadnie z nieba,"0, 1, 5"
kawałek chleba nie spadnie z nieba – pracą na niego zarobić trzeba,"0, 1, 5, 7"
"kawalerowi wszędzie źle, żonatemu tylko w domu","0, 4, 7"
każda pliszka swój ogon chwali,"1, 3"
każda pliszka swój ogonek chwali,"1, 3"
każda praca ma zapłatę,"1, 3"
każdy as bierze raz,"1, 3"
każdy kogut na swych śmieciach śmielszy,"1, 4"
każdy kraje chleb do siebie,"1, 2, 3"
"każdy ma swojego mola, co go gryzie","2, 3, 5, 6, 7"
każdy sobie rzepkę skrobie,"1, 2, 3"
"kiedy chłop ma dużo dzieci, to on bogaty; kiedy pan ma dużo dzieci, to on biedny","1, 4, 6, 8, 11, 14, 16, 18"
"kiedy gospodyni pierze i chleb piecze, to się ledwie nie wściecze","1, 2, 4, 5, 7"
"kiedy Gromniczna zimę traci, to święty Maciej ją wzbogaci","2, 5, 6, 7"
"kiedy Jerzy pogodą częstuje, wnet się pogoda zepsuje","1, 2, 7"
"kiedy luty puści, to marzec wypiecze","1, 4, 5"
"kiedy luty schodzi, człek po wodzie brodzi","1, 4, 6"
"kiedy luty, obuj buty","1, 4"
"kiedy na Michała wiatr północny wieje, na ładną pogodę chłop traci nadzieję","2, 3, 5, 9, 10, 12"
"kiedy na świętą Łucję mróz, to smaruj wóz","2, 3, 4, 6, 8"
"kiedy Paweł się nawróci, zima na wspak się odwróci","1, 5"
"kiedy przyjdziesz między wrony, kraczże jak i ony","3, 7"
"kiedy przyjdziesz między wrony, kraczże jako ony","3, 7"
"kiedy przyjdziesz między wrony, krakaj jak i one","3, 6"
"kiedy przyjdziesz między wrony, musisz krakać jak i one","3, 7"
"kiedy przyjdziesz między wrony, musisz krakać jak i ony","3, 7"
"kiedy przyjdziesz między wrony, musisz krakać jako ony","3, 7"
"kiedy przyjdziesz między wrony, musisz robić jak i one","3, 7"
"kiedy przyjdziesz między wrony, tak kracz jako i ony","3, 5, 7"
"kiedy przyjdziesz między wrony, tak też krakaj jak i ony","3, 5, 8"
"kiedy ptaki w styczniu śpiewają, to im w maju dzioby zamarzają","1, 3, 6, 9, 10"
"kiedy się bracia kochają, to się czubią","2, 5"
"kiedy się jaskółka zniża, deszcz się do nas zbliża","2, 5, 7"
"kiedy styczeń najostrzejszy, wtedy roczek najpłodniejszy","1, 5"
"kiedy w Małgorzatę kropi, siano się źle kopi","2, 5"
"kiedy w świętą Barbarę mróz, to chłopie sanie na górę włóż","2, 3, 4, 6, 7, 8, 10"
"kiedy w świętą Barbarę mróz, to szukaj chłopie dobry wóz","2, 3, 4, 6, 8, 9, 10"
"kiedy w świętą Barbarę mróz, to szykuj chłopie dobry wóz","2, 3, 4, 6, 8, 9, 10"
"kiedy w świętą Katarzynę lód nie stanie, to gotuj sanie","2, 3, 4, 6, 8, 10"
"kiedy wejdziesz między wrony, krakajże jak i ony","3, 6"
kłamstwem daleko się nie zajdzie,"0, 4"
kłamstwo ma krótkie nogi,"0, 3"
"kochajmy się jak bracia, liczmy się jak Żydzi","2, 3, 7, 8"
"kochajmy się jak bracia, rachujmy się jak Żydzi","2, 3, 7, 8"
"kogo akademia, dwór, obóz w rozum nie wypoleruje, tego żona rozumu, dowcipu douczyć powinna","0, 1, 3, 5, 7, 11, 12, 13, 15"
"komu Bóg rozumu nie da, kowal mu go nie ukuje","0, 1, 2, 6, 8"
"komu chleb zaszkodzi, a komu kij pomoże","0, 1, 5, 6"
"komu chleb zaszkodzi, temu kij pomoże","0, 1, 4, 5"
"komu praca kłopotem, oj! oj! będzie wołał potem","0, 1, 2, 10"
"komu w drogę, temu czas","0, 2, 4, 5"
koń ma cztery nogi i też się potknie,"0, 3"
"konia kują, żaba nogę podstawia","0, 3, 4"
"kot kotkę okaleczył, kot kotkę będzie leczył","0, 1, 4, 5"
"kot się myje, będą goście","0, 5"
"kowal zawinił, a Cygana powiesili","0, 4"
kradzione nie tuczy,2
król jest nagi,"0, 2"
króla Popiela myszy zjadły,"0, 1, 2"
kropla drąży skałę,"0, 2"
"krowa, która dużo ryczy, mało mleka daje","0, 7"
kruk krukowi oka nie wykole,"0, 1, 2"
krzywa praca nie popłaca,"0, 1"
ksiądz dwa razy kazania nie mówi,"0, 2, 3"
"kto Bogu służy, temu szczęście płuży","0, 1, 4, 5"
"kto chce nieba, cierpieć trzeba, a kto chce chleba, pracować trzeba","0, 2, 8, 10"
"kto chce żyć z swojej pracy, dolegać nie trzeba","0, 2, 5"
"kto chleb nosi, tego też chleb nosi","0, 1, 4, 6"
"kto chleba nie chce, nie godzien kołacza","0, 1, 7"
"kto chlebem gardzi, to nim Pan Bóg bardziej","0, 1, 4, 6, 7"
"kto daje i odbiera, ten się w piekle poniewiera","0, 8"
"kto dał zęby, da i chleb","0, 2, 6"
"kto folguje rózdze, nienawidzi syna swego, lecz kto go miłuje, ustawnie ćwiczy","0, 2, 5, 8, 9, 10"
"kto gra karo, przegra zaro","0, 1, 2, 4"
"kto kogo łaje, niech sam przykład daje","0, 1, 2, 5, 6"
"kto ku pracy ręce skłoni, nie uniży w gmachach skroni","0, 1, 2, 3, 9, 10"
"kto kupuje, czego mu nie trzeba, nie ma potem za co kupić chleba","0, 3, 10, 12, 14"
"kto latem pracuje, zimą głodu nie czuje","0, 1, 4, 5, 7"
"kto ma ręce do pracy, ten się naje kołaczy","0, 2, 3, 4, 8, 9"
"kto ma szczęście, temu i wół cielę urodzi","0, 2, 4, 6, 7"
"kto małego nie chce, to i dużego nie ogląda","0, 1, 5"
"kto mieczem wojuje, (ten) od miecza ginie","0, 1, 7, 8, 9"
"kto nie chce pracy znieść, ten nie ma co jeść","0, 3, 9"
"kto nie ma córek, ten nie ma dzieci","0, 3, 8"
"kto nie ma szczęścia w kartach, ten ma szczęście w miłości","0, 3, 5, 9, 11"
"kto nie ma w głowie, ten ma w nogach","0, 4, 9"
"kto nie ściąga atutów, ten chodzi bez butów","0, 2, 3, 7, 8"
"kto nie słucha brata, słuchać będzie bata","0, 3, 7"
"kto nie słucha ojca, matki, będą bić go własne dziatki","0, 3, 5, 8, 9, 10, 11"
"kto nie słucha ojca, matki, niech słucha psiej skóry","0, 3, 5, 10"
"kto nie umie kraść i oszukiwać, nie ma się po co w Warszawie znajdywać","0, 2, 11, 13"
"kto pierwej do młyna przyniesie, temu pierwej zmielą","0, 2, 3, 6"
"kto pierwszy, ten lepszy","0, 1"
"kto pod kim dołki kopie, sam w nie wpada","0, 2, 3, 4, 6"
"kto pod kim dołki kopie, ten sam w nie wpada","0, 2, 3, 4, 7"
"kto późno przychodzi, sam sobie szkodzi","0, 4, 5"
"kto przyjdzie między wrony, musi krakać jako ony","0, 3, 7"
"kto pyta, nie błądzi","0, 1"
"kto rano wstaje, temu Pan Bóg daje","0, 1, 4, 5, 6"
"kto się do pracy leni, niewart jeść pieczeni","0, 2, 3, 4, 8"
"kto się lubi, ten się czubi","0, 2"
"kto się na gorącym sparzył, ten na zimne dmucha","0, 8"
"kto się nie leni, robi złoto z kamieni","0, 3, 6, 8"
"kto się w maju urodzi, dobrze mu się powodzi","0, 3, 9"
"kto się wstydzi pracy, niewart chleba i kołaczy","0, 3, 6, 8"
"kto sieje jęczmień na Urbana, będzie pił piwo ze dzbana","0, 1, 2, 4, 7, 8, 10"
"kto sieje wiatr, ten zbiera burzę","0, 1, 2, 6"
"kto szuka, ten znajdzie","0, 4"
"kto w lipcu patrzy chłodu, nacierpi się w zimie głodu","0, 2, 3, 4, 9, 10"
"kto wiatr sieje, zbiera burzę","0, 1, 2, 5"
"kto z Bogiem zacznie, uczyni bacznie","0, 2"
"kto z Bogiem, Bóg z nim","0, 2, 4"
"kto z chłopem pije, ten też z nim pod płotem leży","0, 2, 10, 11"
"kto z kim przestaje, takim się staje","0, 2, 7"
"kto z prace rąk swych żyje, wnet taki utyje","0, 2, 3, 8"
"kto z przyrodzenia głupi, i w Paryżu sobie rozumu nie kupi","0, 2, 3, 7, 8, 9, 11"
"kto ze mną jeść nie chce chleba, ja z nim nie będę kołacza","0, 6, 13"
"kuć żelazo, póki gorące","1, 4"
kurwa kurwie łba nie urwie,"0, 1, 2, 4"
"kwiat lipcowy, napój zdrowy","0, 3"
"kwiecień plecień, bo przeplata trochę zimy, trochę lata","0, 1, 5, 6, 8, 9"
"kwiecień plecień, bo przeplata: trochę zimy, trochę lata","0, 1, 6, 7, 9, 10"
"kwiecień, co deszczem rosi, wiele owoców przynosi","0, 2, 3, 7"
łaska pańska na pstrym koniu jeździ,"0, 4"
"lekko przyszło, lekko poszło",
"lepiej dzieciom dać, niż od dzieci brać","1, 4, 5, 6, 7"
lepiej późno niż wcale,2
lepiej w nocy na wsi niż w dzień w Warszawie,"2, 4, 5, 7, 9"
"lepiej z mądrym zgubić, niż z głupim znaleźć","5, 7"
lepiej zapobiegać niż leczyć,2
lepsze jest wrogiem dobrego,"0, 2, 3"
lepszy dzięcioł w ręku niż orzeł na sęku,"1, 3, 4, 5, 7"
lepszy rydz niż nic,"1, 2, 3"
"lepszy w domu groch, kapusta niż na wojnie kura tłusta","2, 3, 5, 6, 8, 9"
lepszy wróbel w garści niż gołąb na dachu,"1, 3, 4, 5, 7"
lepszy wróbel w ręku niż cietrzew na sęku,"1, 3, 4, 5, 7"
lepszy wróbel w ręku niż sokół na sęku,"1, 3, 4, 5, 7"
licho nie śpi,0
luty w lód okuty,"0, 2"
"luty, napije się wół pluty","0, 4, 5"
mądrej głowie dość dwie słowie,"1, 4"
mądry Polak po szkodzie,"1, 3"
"mądry przyjmie radę, głupi nią wzgardzi","2, 4"
mądrzejsze jajko od kury,"1, 2, 3"
marność nad marnościami i wszystko marność,"0, 2, 4, 5"
"mąż doradza, a przy żonie władza","0, 5, 6"
mędrsze jajca niż kokosz,"1, 2, 3"
mędrsze jaje niż kura,"1, 2, 3"
"miękko na Andrzeja, oj! niedobra nadzieja","2, 7"
"miękko na Jędrzeja, oj! niedobra nadzieja","2, 7"
"miesiąc styczeń, czas do życzeń: a więc życzym pomyślności, Boga, chleba, dobrych gości","0, 1, 3, 4, 5, 10, 12, 14, 16, 17"
"miła praca, lubo trudna, póki nie daremna","0, 1"
miłość jest ślepa,"0, 2"
miłość miłość rodzi,"0, 1"
"młodość leniwa, starość płaczliwa","0, 3"
"młody może umrzeć, a stary musi","0, 5"
mnich mnichowi kaptura nie oberwie,"0, 1, 2"
"mnich niemowny, kot niełowny źle się miewają","0, 3"
"modli się pod figurą, a diabła ma za skórą","3, 6, 9"
moja chata z kraja,"0, 1, 3"
"mokry czerwiec, chłodny maj – wszystkim gburom prawy raj","1, 4, 6, 7, 8, 9"
"mowa jest srebrem, a milczenie złotem","0, 2, 5, 6"
"myszy dokazują, gdy kota nie czują","0, 4, 6"
"myszy tańcują, gdy kota nie czują","0, 4, 6"
"na Adama pięknie, zima prędko pęknie","1, 2, 4"
na bezrybiu i rak ryba,"1, 3, 4"
na dzień świętej Doroty ma być śniega nad płoty,"1, 2, 3, 5, 6, 8"
na gnój i różę słońce jednako świeci,"1, 3, 4"
"na Katarzynę gęś po wodzie, Boże Narodzenie po lodzie","1, 2, 4, 6, 7, 9"
na Katarzynę schowaj się pod pierzynę,"1, 5"
"na kogo Bóg, na tego i ludzie","1, 2, 5, 7"
na Nowy Rok przybywa dnia na barani skok,"1, 2, 4, 6, 7"
na stycznie i lute trzeba mieć konie kute,"1, 3, 6"
na świętą Agatę wysuszysz na słońcu szmatę,"1, 2, 5, 6"
na świętą Agnieszkę wychodzi woda na ścieżkę,"1, 2, 4, 6"
"na świętą Annę mrowiska, szukaj w zimie ogniska","1, 2, 3, 7, 8"
na świętą Barbarę dobądź ze skrzyni czamarę,"1, 2, 5, 6"
na świętą Barbarę wyciągnij z kąta czamarę,"1, 2, 5, 6"
na świętą Katarzynę szykuj ciepłą pierzynę,"1, 2, 5"
na świętą Małgorzatę kopa zawsze w polu stanie,"1, 2, 3, 6, 7"
na świętego Andrzeja błyska dziewkom nadzieja,"1, 2, 4, 5"
na świętego Andrzeja błyska pannom nadzieja,"1, 2, 4, 5"
na świętego Andrzeja dziewkom z wróżby nadzieja,"1, 2, 3, 5, 6"
na świętego Andrzeja trza kożucha dobrodzieja,"1, 2, 4, 5"
na świętego Franciszka chłop w polu nic nie zyska,"1, 2, 3, 5, 6"
na świętego Franciszka nieraz dobrze grzmi i łyska,"1, 2, 7"
na świętego Franciszka odlatuje pliszka,"1, 2, 4"
na świętego Franciszka przylatuje pliszka,"1, 2, 4"
na świętego Franciszka szuka ziarnek w polu myszka,"1, 2, 4, 6, 7"
na świętego Franciszka zielenią się łany i ze swego zimowiska wracają bociany,"1, 2, 3, 5, 9, 11"
na świętego Grzegorza idą rzeki do morza,"1, 2, 4, 5, 6"
na świętego Grzegorza idzie zima do morza,"1, 2, 3, 4, 5, 6"
na świętego Grzegorza zima idzie do morza,"1, 2, 3, 4, 5, 6"
na świętego Hieronima jest pogoda albo jej ni ma,"1, 2, 4, 5, 7"
na świętego Kazimierza zima do morza zmierza,"1, 2, 3, 4, 5"
na świętego Macieja prędzej wiosny nadzieja,"1, 2, 4, 5"
na świętego Macieja zniesie gęś pierwsze jejca,"1, 2, 4, 5"
"na świętego Mikołaja czeka dzieciąt cała zgraja: da posłusznym ciasteczko, złych przekropi rózeczką","1, 2, 4, 6, 10, 12, 14"
na świętego Pawła połowa zimy przepadła,"1, 2, 3, 4"
"na świętego Walentego bywa zwykle mróz niczego, lecz jak Walek się rozdeszcze, pewne mrozy wrócą jeszcze","1, 2, 5, 6, 8, 9, 10, 14, 15"
na świętego Wawrzyna śpieszą do młyna,"1, 2, 4, 5"
na świętej Agaty wychodzą muchy zza łaty,"1, 2, 4, 6"
na świętej Katarzyny szykuj babo pierzyny,"1, 2, 4, 5"
"na święty Dominik, kopy z pola mig, mig","1, 2, 4, 6, 7, 9"
na święty Jerzy nie trzeba koniom owsa,"1, 2, 5, 6"
"na święty Jerzy rosa, nie trzeba koniom owsa","1, 2, 3, 7, 8"
na święty Józef czasem śniegu wózek,"1, 2, 3, 4, 5"
"na święty Józef gdy płyną wody, na święty Wojciech rznij trawę dla trzody","1, 2, 5, 8, 9, 11, 13"
"na święty Józef pogoda, będzie w polu uroda","1, 2, 3, 7, 8"
"na święty Maciej lody wróżą długie chłody, a gdy płyną już strugą, to i zimy niedługo","1, 2, 3, 6, 12, 14, 16"
na święty Maciej skowronek zapiej,"1, 2, 3"
"na święty Tomasz dzień się z nocą sili, mniej nocy, więcej dnia będzie po chwili","1, 2, 3, 6, 10, 13, 16"
na święty Walenty uciekają z domu centy,"1, 2, 5, 6"
"na święty Wawrzyniec, wolny przez pola gościniec","1, 2, 4, 6, 7"
na święty Wojciech zniesie jajko bociek,"1, 2, 4, 5"
na Tomasza najdłuższa noc nasza,"1, 3"
"na Urbana chwile jakie, i lato takie","1, 2, 6"
"na Urbana chwile jakie, mówią, że i lato takie","1, 2, 9"
"na wiosnę ceber deszczu, łyżka błota; na jesieni łyżka deszczu, ceber błota","1, 2, 3, 5, 6, 9, 10, 11, 13, 14"
na złodzieju czapka gore,"1, 2"
nadzieja głupich matka,"0, 1, 2"
nadzieja matką głupich,"0, 1, 2"
nadzieja umiera ostatnia,0
najciemniej jest pod latarnią,3
najciężej pierwszy krok zrobić,"1, 2"
najczęściej brzuch tłusty dzierżawi łeb pusty,"1, 2, 4, 5"
najlepsza zasada – patrz w karty sąsiada,"1, 5, 6"
natura ciągnie wilka do lasu,"0, 2, 3, 4"
nauka bez cnoty jako miecz u szalonego: i sobie i ludziom szkodzi,"0, 1, 2, 3, 4, 6, 9, 11"
"nawarzyłeś piwa, to musisz je teraz wypić","2, 4, 8"
nawet szubienica milsza w towarzystwie,"1, 4"
"ni do ambony, ni do żony","0, 1, 2, 4, 5, 6"
"nic po chlebie, kiedy brak zębów","0, 2, 5, 6"
nie chwal dnia przed zachodem słońca,"2, 4, 5"
"nie czas żałować róż, gdy płoną lasy","1, 3, 6, 7"
"nie czyń drugiemu, co tobie niemiłe","2, 4"
nie dla psa kiełbasa,"2, 3"
"nie dla psa kiełbasa, nie dla kota sadło","2, 3, 7, 8"
"nie dla psa kiełbasa, nie dla kota spyrka","2, 3, 7, 8"
"nie dla psa kiełbasa, nie dla prosiąt miód","2, 3, 7, 8"
"nie dospać trzeba, kto chce dostać chleba","4, 7"
"nie graj bawole, czego nie ma na stole","2, 4, 8"
"nie graj matole, czego nie ma na stole","2, 4, 8"
"nie igraj, kotku, z niedźwiedziem","3, 6"
nie ma dymu bez ognia,"2, 3, 4"
nie ma róży bez kolców,"2, 3, 4"
"nie ma tego złego, co by na dobre nie wyszło","2, 3, 5, 8"
"nie masz na świecie małżonka, na którego by nie krakała żonka","3, 4, 11"
"nie miła jest taka praca, za którą nie bywa płaca","1, 3, 4, 10"
"nie mów hop, póki nie przeskoczysz","1, 2"
"nie mów nikomu, co się dzieje w domu","1, 2, 4, 6, 8"
"nie ociec, nie matka ceruszke wydaje: robota, ochota, piekne obyczaje","1, 4, 8, 10, 13"
nie od razu Kraków zbudowano,"1, 2, 3"
"nie pamiętał wół, jak cielęciem był","2, 4, 5"
nie porywaj się z motyką na słońce,"4, 6"
"nie przez litanie, psalmy i posty buduje się do nieba mosty","2, 4, 6, 9, 10, 11"
"nie rób drugiemu, co tobie niemiłe","2, 4"
nie samym chlebem człowiek żyje,"2, 3"
"nie strasz, nie strasz, bo się zesrasz",
nie święci garnki lepią,"1, 2"
nie szata zdobi człowieka,"1, 3"
"nie taki diabeł straszny, jak go malują","1, 2, 5, 6"
"nie ten bogaty, kto ma dukaty","2, 4, 6"
nie urodzi sikora słowika,"2, 3"
nie urodzi sowa sokoła,"2, 3"
"nie wisi syn za ojca, tylko sam za siebie","2, 4, 7"
"nie wójtowska córka, a gada do rzeczy","2, 5, 6, 7"
"nie wszystko złoto, co się świeci","1, 2, 4"
nie wywołuj wilka z lasu,"2, 4"
nie zawsze z dobrych rodziców synowie dobrzy,"3, 4, 5, 6"
"niech nie wie lewica, co czyni prawica","3, 5, 7"
niedaleko drzewa jabłko pada,"1, 2"
niedaleko jabłko od jabłoni pada,"1, 2, 3"
niedaleko jabłko pada od jabłoni,"1, 3, 4"
"niedaleko jabłko padnie jabłoni, tylko koło niéj","1, 3, 6"
niedaleko jabłoni jabłko upada,"1, 2"
niedaleko leci jabłko od jabłoni swojej,"2, 3, 4"
niedaleko odleci jabłko od jabłonie,"2, 3, 4"
niedaleko pada jabłko od jabłoni,"2, 3, 4"
nieobecni nie mają racji,"0, 2, 3"
nieszczęścia chodzą parami,"0, 2"
nigdy jabłko daleko od jabłoni nie odleci,"1, 3, 4"
nikt nie jest prorokiem we własnym kraju,"0, 3, 5, 6"
nikt nie może dwom panom służyć,"0, 4"
nikt nie może dwóm panom służyć,"0, 4"
noc Andrzeja świętego przyniesie nam narzeczonego,"0, 1, 2, 5"
"noc jasna na Michała, zima ostra i trwała, gdy noc słotna, zima do końca grudnia lekka i błotna","0, 3, 5, 8, 11, 14, 15, 16, 17"
"nosił wilk razy kilka, ponieśli i wilka","1, 2, 3, 7"
"Nowy Rok jaki, cały rok taki","0, 1, 2, 5, 6"
o świętej Dorocie pójdziesz po błocie,"1, 2, 5"
o świętej Katarzynie pomyśl o pierzynie,"1, 2, 5"
"obiecanki cacanki, a głupiemu radość","0, 1, 4, 5"
"Oblubieniec pogodny, rok będzie urodny","0, 3"
obżarty brzuch rozumu bystrego nie czyni,"1, 2"
od Grzegorza zima idzie do morza,"0, 1, 2, 3, 4, 5"
od piwa głowa się kiwa,"0, 1, 2"
od przybytku głowa nie boli,"0, 1, 2, 4"
od rzemyczka do koniczka,"0, 1, 2, 3"
od sada niedaleko jabłko pada,"0, 1, 3"
od swej jabłoni blisko jabłko pada,"0, 2, 4"
"od świętej Anki chłodne wieczory, poranki","0, 1, 2, 4, 6"
od świętej Anki zimne poranki,"0, 1, 2, 3, 4"
od świętej Anki zimne wieczory i ranki,"0, 1, 2, 3, 4, 6"
od świętej Anny nie doczeka południa deszcz poranny,"0, 1, 2, 5, 6"
od świętej Hanki zimne poranki,"0, 1, 2, 3, 4"
od świętej Hanki zimne wieczory i ranki,"0, 1, 2, 3, 4, 6"
od świętej Katarzyny nie prześladuj już zwierzyny,"0, 1, 2, 6"
od świętej Katarzyny nie wyganiaj już żywiny,"0, 1, 2, 6"
od świętej Katarzyny szukaj pierzyny,"0, 1, 2, 4"
"pamiętaj chemiku młody, wlewaj zawsze kwas do wody","1, 2, 6, 7, 8"
"Pan Bóg nierychliwy, ale pamiętliwy","0, 1"
"Pan Bóg nierychliwy, ale sprawiedliwy","0, 1, 5"
"Pankracy, Serwacy i Bonifacy – źli na ogrody chłopacy","0, 2, 4, 6, 8, 9"
"Pankracy, Serwacy, Bonifacy i Zośka to zimni święci","0, 2, 4, 6, 7, 9"
"Pankracy, Serwacy, Bonifacy, każdy swoim zimnem raczy","0, 2, 4, 7, 8"
pańskie oko konia tuczy,"0, 1, 2, 3"
"Panu Bogu lichtarz, a diabłowi świeczka","0, 1, 2, 6"
Panu Bogu świeczkę i diabłu ogarek,"0, 1, 2, 4, 5"
"Panu Bogu świeczkę, a diabłu ogarek","0, 1, 2, 5, 6"
papier jest cierpliwy,0
pieczone gołąbki nie lecą same do gąbki,"1, 3, 5, 6"
pieniądze nie śmierdzą,0
pierwsze koty za płoty,"0, 1, 3"
pijak pijaka znajdzie,"0, 1, 2"
"pijak podobny jest do zwierza: ni do roboty, ni do pacierza","0, 3, 4, 6, 7, 8, 10, 11, 12"
"płot trzy lata, kot trzy płoty, koń trzy koty","0, 2, 4, 6, 8, 10"
po dobrej strawie dobra i woda w stawie,"2, 3, 5, 7"
"po pracy miły odpoczynek: tym milszy, kto własny posiada kominek","1, 2, 3, 5, 8, 11"
po pracy nie wadzi się ucieszyć,1
po świętej Agacie wyschną na słońcu gacie,"1, 2, 5, 6"
po świętej Agacie wyschnie bielizna na płocie,"1, 2, 4, 6"
po świętej Agnieszce napije się wół na ścieżce,"1, 2, 5, 7"
po świętej Dorocie wieszaj chusty na płocie,"1, 2, 4, 6"
po świętej Dorocie wyschną chusty na płocie,"1, 2, 4, 6"
po świętej Katarzynie pomyśl o pierzynie,"1, 2, 5"
po świętej Łucji dzień trwa najkrócej,"1, 2, 3"
po świętym Pawle i Pietrze muchy tłuste jak wieprze,"1, 2, 4, 5, 6, 7, 8"
po świętym Tadeuszu trzeba chodzić w kapeluszu,"1, 2, 6"
"po tłuste cielę i do domu trafią, a chudego i na targu nie kupią","1, 2, 4, 5, 9, 12, 14"
po Urbanie lato nastanie,"1, 2"
"począwszy od Adama, każdy człowiek kłamie","1, 2, 5, 6"
podchorąży zawsze zdąży,0
"pogoda na świętego Błażeja, dobra wiosny nadzieja","0, 2, 3, 5, 6, 7"
"Polak, Węgier – dwa bratanki, i do szabli, i do szklanki","0, 2, 5, 8, 9, 12, 13"
"połknął czart babę, ale nie mógł jej strawić","1, 2"
"polski most, niemiecki post, włoskie nabożeństwo, to wszystko błazeństwo","0, 1, 3, 4, 6, 7, 9, 10, 11"
"poślij do Paryża osła głupiego, jeśli tu był osłem, nie będzie koń z niego","1, 2, 3, 4, 9, 13"
potrzeba jest matką wynalazków,"0, 2, 3"
"powiedziałeś A, powiedz B",
"powinna być temu płaca, za którą podjęta praca","1, 2, 3, 8"
powtarzanie jest matką wiedzy,"2, 3"
"praca dobrowolna większą ma wartość, jak przymuszona","0, 4, 6"
praca doskonali cnotę,"0, 2"
praca i statek dają dostatek,"0, 2, 4"
"praca każda ma zapłatę; rozkosz sromotę, utratę","0, 3, 5, 6, 8"
praca lat skraca,"0, 1"
praca największe bogactwo,"0, 2"
praca nikogo nie krzywdzi,"0, 1"
"praca od ubóstwa strzeże: kto nie sieje, nic nie zbierze","0, 1, 2, 5, 7, 9"
praca odkładana niewiele warta,"0, 3"
praca pozłaca,0
praca sama sobie płaci,"0, 2"
"praca tuczy, bieda uczy","0, 1, 3"
praca ustawiczna wszystko przemoże,"0, 2"
praca wzbogaca,0
praca z ochotą przerabia słomę w złoto,"0, 2, 4, 6"
"praca, gniew, picie najzdrowsze w miarę","0, 2, 4, 7"
prawda w oczy kole,"0, 2, 3"
prawdziwych przyjaciół poznaje się w biedzie,"1, 5"
"prawo jest po to, aby je omijać","0, 3"
"przed Pankracym nie ma lata, po Bonifacym mróz ulata","1, 4, 7, 8"
"przez pany do króla, a przez święte do Boga","2, 3, 7, 8, 9"
przyganiał kocioł garnkowi,"1, 2"
"przyganiał kocioł garnkowi, a sam smoli","1, 2, 5"
przyjaźń szczera nie umiera,0
przysłowia są mądrością narodów,"0, 2, 3"
przysłowia są mądrością narodu,"0, 2, 3"
przyszła kryska na matyska,"1, 3"
psie głosy nie idą w niebiosy,"0, 1, 5"
"psy szczekają, karawana idzie dalej","0, 3, 4"
ojczysta w dzieciach dziedziczy wada: blisko swej jabłoni jabłko pada,"2, 4, 8, 9"
okazja czyni złodzieja,"0, 2"
"oko za oko, ząb za ząb","0, 2, 4, 6"
oliwa sprawiedliwa zawsze na wierzch wypływa,"0, 4"
osioł konia nie spłodzi,"0, 1"
oszczędnością i pracą ludy się bogacą,"0, 2, 3"
oszczędnością i pracą ludzie się bogacą,"0, 2, 3"
"ożeń syna, kiedy zechcesz, a wydaj córkę, kiedy możesz","1, 8"
"raz na wozie, raz pod wozem","0, 2, 4, 6"
"robota nie zając, nie ucieknie","0, 2"
"Rok Nowy pogodny, zbiór będzie dorodny","0, 1, 4"
"różdżką Duch Święty dziateczek bić radzi, różdżka bynajmniej zdrowiu nie zawadzi","0, 1, 2, 3, 4, 7, 9"
ryba psuje się od głowy,"0, 1, 3, 4"
"ryby, choć dobre bywają, w trzeci dzień się przejadają","0, 3, 7, 8"
rzadka rzecz między braćmi zgoda,"1, 3, 4"
"rzadki dzień świętej Doroty bez mrozu, zawiei, słoty","1, 2, 3, 4, 5, 7, 9"
"rzadko ten jastrząb kuropatwę schwyci, który się za całym ugania stadem","2, 3, 11"
samotnemu świat pustynią,"1, 2"
ściany mają uszy,"0, 1, 2"
skąpy dwa razy traci,"0, 2"
"skleroza nie boli, ale nachodzić się trzeba","0, 2"
"skleroza nie choroba, tylko nogi bolą","0, 2, 5, 6"
"słabe w gosposi nadzieje, gdy śpi, jak kogut pieje","2, 3, 8, 9"
"słota w dzień Adama i Ewy, zabezpiecz od zimna cholewy","0, 2, 3, 5, 8, 9, 10"
słowa nic nie kosztują,"0, 1"
"słówko wyleci wróblem, a powróci wołem","0, 2, 6"
"słowo się rzekło, kobyłka u płota","0, 4"
"słowo się rzekło, kobyłka u płotu","0, 4, 6"
smakować jak psu zboże,"1, 2, 3"
śmiałym szczęście sprzyja,1
śmiech to zdrowie,"0, 1, 2"
sól świętej Agaty broni od ognia chaty,"0, 1, 2, 3, 4, 5, 6"
sól świętej Agaty od ognia strzeże chaty,"0, 1, 2, 3, 4, 6"
"sowa huczy, choć jej nikt nie uczy","0, 5"
śpiesz się powoli,
spyta cię luty: maszli buty?,"2, 5"
stara miłość nie rdzewieje,"0, 1"
"starszy brat mięso kraje, a młodszy obiera","0, 1, 2, 3"
strach ma wielkie oczy,"0, 3"
"strzeż mnie, Boże, od przyjaciół, bo z wrogami poradzę sobie sam","3, 5, 6, 10, 12, 13"
strzeżonego Pan Bóg strzeże,"1, 2"
"styczeń bywa łagodny, gdy październik śnieżny i chłodny","0, 5"
styczeń pogodny wróży rok płodny,"0, 2, 3"
święta Agnieszka wypuściła skowronka z mieszka,"0, 1, 3, 5"
święta Agnieszka wypuszcza skowronka z mieszka,"0, 1, 3, 5"
"święta Anno! uproś wnuka, niech ma każdy, czego szuka","0, 1, 4, 10"
"święta Barbara po lodzie, Boże Narodzenie po wodzie","0, 1, 3, 5, 6, 8"
"święta Barbara po wodzie, Boże Narodzenie po lodzie","0, 1, 3, 5, 6, 8"
święta Dorota suszy chusty u płota,"0, 1, 2, 3"
święta Dorota! wyratuj z błota,"0, 1, 5"
święta Hanna to już jesienna panna,"0, 1, 2, 5"
święta Jagna taje bagna,"0, 1, 3"
święta Katarzyna adwent rozpoczyna,"0, 1, 2"
święta Katarzyna adwent zaczyna,"0, 1, 2"
"święta Katarzyna adwent zaczyna, święty Jędrzej jeszcze mędrzej","0, 1, 2, 5, 6"
"święta Katarzyna adwent zawiązuje, sama hula, pije, a nam zakazuje","0, 1, 2, 6"
"święta Katarzyna adwent zawięzuje, a święty Andrzej poprawuje","0, 1, 2, 6, 7"
"święta Katarzyna klucz zgubiła, święty Jędrzej znalazł, zamknął skrzypki zaraz","0, 1, 2, 5, 6, 10, 11"
"święta Katarzyna po lodzie, Boże Narodzenie po wodzie","0, 1, 3, 5, 6, 8"
"święta Katarzyna po wodzie, Boże Narodzenie po lodzie","0, 1, 3, 5, 6, 8"
"święta Katarzyna pokazuje, jaką pogodę nam styczeń zgotuje","0, 1, 4, 5, 7"
święta Katarzyna śluby ucina,"0, 1, 2"
"święta Katarzyna śmiechem, święty Andrzej grzechem","0, 1, 2, 4, 5, 6"
"święta Katarzyna śmiechem, święty Jędrzej grzechem","0, 1, 2, 4, 5, 6"
"święta Katarzyna zawięzuje adwent łyczkiem, a święty Marcin rzemyczkiem","0, 1, 3, 4, 7, 8, 9"
święta Łucja dnia przyrzuca,"0, 1, 2"
"święta Łucja głosi, jaką pogodę styczeń przynosi","0, 1, 4, 5, 6"
święta Małgorzata zapowiada środek lata,"0, 1, 3, 4"
świętej Agaty uschną szmaty,"0, 1, 3"
świętej Agnieszki uschną pieluszki; świętej Agaty uschną i szmaty,"0, 1, 3, 5, 6, 9"
"święto Barbary po wodzie, Boże Narodzenie po lodzie","0, 1, 3, 5, 6, 8"
święto Łucji dzień króci,"0, 1, 2"
święto Łucy noc króci,"0, 2"
święty Ambroży zimy przysporzy,"0, 1, 2"
"święty Andrzej ci ukaże, co ci los przyniesie w darze","0, 1, 5, 7, 10"
"święty Andrzej grzechem, święta Katarzyna śmiechem","0, 1, 2, 4, 5, 6"
święty Andrzej wróży szczęście i szybkie zamęście,"0, 1, 2, 3, 6"
"święty Bartłomiej pogodny, jesień pogodna","0, 1, 4"
święty Błażej gardła zagrzej,"0, 1, 2"
święty Błażej po świecach łazi,"0, 1, 3"
święty Jędrzej adwent przytwierdzi,"0, 1, 2"
"święty Józef kiwnie brodą, idzie zimno na dół z wodą","0, 1, 3, 5, 6, 8, 10"
"święty Józef pogodny, będzie roczek urodny","0, 1, 5"
"święty Józek wiezie trawy wózek, ale czasem smuci, bo śniegiem przyrzuci","0, 1, 3, 4, 7, 11"
swoje brudy trzeba prać w domu,"0, 1, 5"
"syn mój, a rozum u niego swój","0, 1, 4"
"syn tylko worki zliczy, w rozumie nie dziedziczy","0, 2, 6"
szczęścia ojcowskiego syn nie dziedziczy,"0, 2"
szewc bez butów chodzi,"0, 1, 2"
szkoda psu białego chleba,"0, 1, 2, 3"
"szkoda wielkiej pracy, kędy mała zmoże","0, 2, 5"
szlachcic na zagrodzie równy wojewodzie,"0, 2, 4"
"szukaj pracy jak chleba, nie jak noża","1, 2, 3, 6, 7"
"szukajcie, a znajdziecie",
"ak krawiec kraje, jak mu materii staje","0, 1, 2, 4, 6, 7"
tego kwiatu jest pół światu,"0, 1, 3, 4"
"ten się śmieje, kto się śmieje ostatni","4, 7"
tłuc się jak marek po piekle,"2, 3, 5"
tonący brzytwy się chwyta,"0, 1"
trafiła kosa na kamień,"1, 3"
trafiło się ślepej kurze ziarno,"2, 3, 4"
trefelki kolorek niewielki,"0, 1"
trzeba chleba i nieba,"1, 3"
trzeba nieba i chleba,"1, 3"
"trzeba nieba, ale trza i chleba","1, 6"
trzecia ręka bije,"0, 1"
trzecia ręka bije i płacze,"0, 1, 4"
trzymaj język za zębami,"1, 3"
tu leży pies pogrzebany,"1, 2"
u dobrego męża dobra żona,"1, 2, 3, 4"
u wdowy chleb gotowy,"1, 2"
"u wdowy chleb gotowy, ale nie każdemu zdrowy","1, 2"
"u wdowy chleb gotowy, ale niezdrowy","1, 2"
"uczył Marcin Marcina, a sam głupi jak świnia","1, 2, 5, 6, 7, 8"
uczyła matula nie wychodź spod króla,"1, 5"
"uderz w stół, a nożyce się odezwą","2, 5, 7"
ukłon niski fałszu bliski,"0, 2, 3"
"umarł król, niech żyje król","1, 5"
upały lipcowe wróżą mrozy styczniowe,"0, 3"
"Urszula jaka, cała zima taka","0, 1, 4, 5"
w dzień Adama i Ewy daruj bliźnim gniewy,"1, 2, 4, 6, 7"
w dzień świętego Andrzeja pannom z wróżby nadzieja,"1, 2, 3, 4, 6, 7"
"w dzień świętej Agaty, jeśli słonko przez okienko zajrzy do chaty, to wiosenka na świat podgląda zza zimowej kraty","1, 2, 3, 6, 8, 10, 11, 13, 14, 16, 20"
w dzień świętej Małgorzaty pierwsze gruszki do chaty,"1, 2, 3, 4, 5, 6, 7"
w dzień Trzech Króli każdy się do pieca tuli,"1, 3, 6, 7, 8"
"w górach początek wody, a koniec chleba","1, 2, 3, 6, 7"
"w Katarzynę z nieba nic nie spadnie, będzie w przyszłym lutym chyba jeszcze ładniej","1, 3, 4, 11"
"w lipcu się już kłosek korzy, że niesie dar Boży, a najpierwsza Małgorzata sierp w zboże założy","1, 4, 9, 14, 15, 17"
"w lutym gdy zagrzmi od wschodniego boku, burze i wiatry walne są w tym roku","1, 4, 6, 8, 10, 14, 15"
w lutym wody wiele – w lecie głodne nawet cielę,"1, 2, 6, 7, 9"
"w lutym wody wiele, w lecie głodne i cielę","1, 2, 6, 7, 9"
w małżeństwie raj i piekło,"1, 2, 4"
w marcu jak w garncu,"1, 2, 4"
"w Narodzenie Panny Marii pogodnie, będzie tak cztery tygodnie","1, 2, 3, 7, 9"
w nocy wszystkie koty są czarne,"1, 3, 5"
w nocy wszystkie koty są szare,"1, 3"
w Pińczowie dnieje,1
w starym piecu diabeł pali,"1, 2, 3, 4"
"w styczniu grzmoty, częste słoty","1, 2, 5"
"w świętą Małgorzatę skąd wiatr duje, drogę po zboże toruje","1, 2, 4, 7, 9"
w święto Trzech Króli człek się w kożuch tuli,"1, 3, 4, 7, 8"
w święto Wawrzyńca śpieszą do młyńca,"1, 2, 4, 5"
"w Urbana, miły chłopie, siej len i konopie","1, 3, 4, 6, 7, 9"
"w Warszawie, w Krakowie i we Lwowie, kto bez grosza, głodu się dowie","1, 4, 7, 9, 10, 11, 13"
"wara kocie, idzie o cię","0, 1, 3"
"Wawrzyniec pokazuje, jaka jesień następuje","0, 3, 4"
wdowiec z wdową rzadko dobrze z sobą,"0, 2, 6"
więcej dwóch ujrzy niż jeden,"3, 4"
więcej poufałości niż znajomości,"1, 2, 3"
więcej szczęścia jest w dawaniu aniżeli w braniu,"1, 4"
"wiele wody, a ryb mało","1, 4"
"wilk morduje dla strawy, człowiek dla zabawy","0, 3, 5, 7"
wilk syty i owca cała,"0, 1, 3"
wilka nogi karmią,"0, 1, 2"
"wlazłszy między wrony, trzeba krakać jak one","2, 6"
"wlazłszy pomiędzy wrony, trzeba krakać jak i ony","2, 6"
"wszędzie dobrze, ale w domu najlepiej",5
wszystkie drogi prowadzą do Rzymu,"1, 3, 4"
wyjątek potwierdza regułę,"0, 2"
wymieniał stryjek siekierkę za kijek,"1, 2, 4"
"wysoki do nieba, a głupi jak trzeba","1, 2, 5, 6"
"wysoki jak brzoza, a głupi jak koza","1, 2, 5, 6, 7"
"wysoki jak topola, a głupi jak fasola","1, 2, 5, 6, 7"
wyszło szydło z worka,"1, 3"
"wzięli diabli krowę, niech biorą i cielę","1, 2, 7"
"wzięli diabli krowę, niech wezmą i cielę","1, 2, 7"
z braku laku dobry kit,"1, 2, 3, 4"
z czasem wróble na strachu siadają,"1, 2, 4"
z dużej chmury mały deszcz,"2, 3, 4"
z piasku bicza nie ukręcisz,"1, 2"
z próżnego i Salomon nie naleje,3
z pustego i Salomon nie naleje,"1, 3"
"z rankiem praca, w wieczór płaca","1, 2, 5, 6"
za Bóg zapłać niewiele kupisz,1
za króla Olbrachta wyginęła szlachta,"1, 2, 4"
"za pieniądze wszystkiego dostanie, prócz ojca i matki","1, 2, 6, 8"
za pracę i niebo kupić,"1, 3"
"żaden nie powinien być bogaty, jeno cnotliwy","3, 4, 6"
żadna praca nie hańbi,1
zamienił stryjek siekierkę na kijek,"1, 2, 4"
zamienił stryjek za siekierkę kijek,"1, 3, 4"
"zapomniał wół, jak cielęciem był","1, 3, 4"
"zapomniał wół, kiedy cielęciem był","1, 4"
"źdźbło w oku bliźniego widzisz, a belki w swoim nie dostrzegasz","0, 2, 3, 7, 9"
ze stolika gra pomyka,"1, 2, 3"
"ze świętą Małgorzatą upał przybiera, kanikułę otwiera","1, 2, 3, 6"
"ze wszystkich cnót siebie obdziera, kto swych rodziców nie wspiera","1, 2, 6, 8"
"żeby kózka nie skakała, toby nóżki nie złamała","1, 7"
"żeby mieć kołaczy, trzeba użyć pracy","2, 5, 6"
"zgoda buduje, niezgoda rujnuje","0, 3"
"ziarnko do ziarnka, a zbierze się miarka","0, 1, 2, 7"
"ziorko do ziorka, a bydzie miorka",1
zjedzony chleb bardzo ciężko odrabiać,1
złe nie śpi,0
źle się dzieje w państwie duńskim,"2, 4, 5"
złego diabli nie biorą,"0, 1"
złego diabli nie wezmą,"0, 1"
złej baletnicy przeszkadza nawet rąbek spódnicy,"1, 4, 5"
złej baletnicy przeszkadza nawet rąbek u spódnicy,"1, 4, 6"
złej baletnicy przeszkadza rąbek spódnicy,"1, 3, 4"
złej baletnicy przeszkadza rąbek u spódnicy,"1, 3, 5"
złej tanecznicy fartuch na zawadzie,"1, 2, 4"
złej tanecznicy przeszkadza nawet rąbek u spódnicy,"1, 4, 6"
złej tanecznicy przeszkadza rąbek spódnicy,"1, 3, 4"
złej tanecznicy przeszkadza rąbek u spódnicy,"1, 3, 5"
złej tanecznicy zawadza rąbek spódnicy,"1, 3, 4"
złej tanecznicy zawadza rąbek u spódnicy,"1, 3, 5"
złemu wrogowi daj chleba i soli,"0, 1, 3, 5"
zły ojciec rzadko ma dobrego syna,"0, 1, 4, 5"
"zły to ptak, co swe gniazdo plugawi","0, 1, 2, 4, 6"
znać kota po pazurach,"1, 3"
żona ładna zawsze zdradna,0
"Żyd okpi Niemca, diabeł Żyda, Rusin diabła, a Rusina niewiasta","0, 2, 4, 5, 7, 8, 11, 12"
